{
  "Compatibility": "Untested",
  "Contributors": {
    "Developer": [ "Panoptes (Xel)" ],
    "Manual": [ "DoggyDogWhirl" ]
  },
  "DefuserDifficulty": "Medium",
  "Description": "Identify one of the 92 Johnson solids and submit its number. Tags: polyhedron, shape, submit, arrow-buttons, 5-buttons, j",
  "ExpertDifficulty": "Easy",
  "ModuleID": "xelJohnsonSolids",
  "Name": "Johnson Solids",
  "Origin": "Mods",
  "Published": "2020-11-09",
  "SortKey": "JOHNSONSOLIDS",
  "SourceUrl": "https://github.com/Mirage-Xel/xelJohnsonSolids",
  "Souvenir": { "Status": "NotACandidate" },
  "SteamID": "2281776543",
  "Symbol": "Jns",
  "Type": "Regular"
}